ID Покупателя;Фамилия;Имя;Отчество;Возраст;Эл. Почта;Номер телефона;Город;Дата регистрации
1;Иванов;Александр;Алексеевич;23;info.smartdog@mail.com;+7(912)-345-67-89;Москва;12.03.2020
2;Петров;Дмитрий;Дмитриевич;34;happy.coder@webmail.net;+7(913)-456-78-90;Санкт-Петербург;15.07.2021
3;Сидоров;Сергей;Сергеевич;29;sunshine.garden23@yahoo.com;+7(914)-567-89-01;Нижневартовск;03.11.2023
4;Кузнецов;Андрей;Андреевич;45;moonlight.dreamer@gmail.com;+7(915)-678-90-12;Москва;28.06.2022
5;Смирнов;Игорь;Игоревич;19;travel.explorer@outlook.com;+7(916)-789-01-23;Санкт-Петербург;05.01.2020
6;Попов;Максим;Максимович;37;creative.artist2023@aol.com;+7(917)-890-12-34;Нижневартовск;20.02.2021
7;Захарова;Евгений;Евгеньевич;47;tech.blogger123@live.com;+7(918)-901-23-45;Москва;08.08.2023
8;Морозов;Анастасия;Анастасиевна;32;cooking.enthusiast@mail.ru;+7(919)-012-34-56;Санкт-Петербург;14.10.2024
9;Лебедев;Мария;Мариевна;25;sports.fanatic@icloud.com;+7(920)-123-45-67;Москва;27.05.2020
10;Крилова;Елена;Еленовна;18;music.lovers@protonmail.com;+7(921)-234-56-78;Нижневартовск;30.09.2022
11;Федоров;Ольга;Ольговна;41;nature.photographer@inbox.com;+7(922)-345-67-89;Санкт-Петербург;22.04.2023
12;Белова;Наталья;Натальевна;49;adventure.seeker@zigzag.com;+7(923)-456-78-90;Москва;10.12.2021
13;Лукина;Анна;Анновна;20;fitness.junkie@hmail.com;+7(924)-567-89-01;Нижневартовск;09.01.2024
14;Григорьев;Татьяна;Татьяновна;38;book.reader@fastmail.com;+7(925)-678-90-12;Москва;16.11.2019
15;Яковлев;Ирина;Ириновна;30;pet.owner@animail.com;+7(926)-789-01-23;Санкт-Петербург;02.05.2022
16;Романов;Светлана;Светлановна;46;fashionista.styles@myemail.com;+7(927)-890-12-34;Санкт-Петербург;13.02.2024
17;Солдатова;Ксения;Ксениевна;39;gamer.pro@risingmail.com;+7(928)-901-23-45;Нижневартовск;21.03.2021
18;Шевченко;Виктория;Викторовна;22;film.critic@newmail.com;+7(929)-012-34-56;Москва;29.08.2020
19;Тихонов;Алёна;Алёновна;17;history.buff@safemail.com;+7(930)-123-45-67;Москва;06.12.2021
20;Богданов;Елизавета;Елизаветовна;28;student.excellence2023@tempmail.com;+7(931)-234-56-78;Нижневартовск;25.10.2023
21;Ковалев;Дарья;Дарьевна;36;science.geek@email.com;+7(932)-345-67-89;Санкт-Петербург;19.04.2024
22;Сергеев;Владимир;Владимирович;31;coffee.lover@bernsmail.com;+7(933)-456-78-90;Санкт-Петербург;07.07.2019
23;Зюзина;Павел;Павлович;42;art.collector@orange.fr;+7(934)-567-89-01;Москва;11.01.2023
24;Анисимова;Роман;Романович;27;digital.nomad@mx.com;+7(935)-678-90-12;Нижневартовск;01.09.2022
25;Суслова;Денис;Денисович;48;wellness.coach@hushmail.com;+7(936)-789-01-23;Москва;12.06.2021
26;Васильев;Николай;Николаевич;21;mindful.meditator@post.com;+7(937)-890-12-34;Санкт-Петербург;04.11.2020
27;Киселева;Семен;Семёнович;40;family.adventurer@familymail.com;+7(938)-901-23-45;Нижневартовск;20.03.2023
28;Соловьев;Василий;Васильевич;26;environmentalist.green@mail.com;+7(939)-012-34-56;Москва;14.09.2022
29;Максимова;Кирилл;Кириллович;35;finance.expert@mailbox.org;+7(940)-123-45-67;Санкт-Петербург;18.12.2019
30;Давыдов;Федор;Фёдорович;24;tech.startup@jourrapide.com;+7(941)-234-56-78;Москва;23.05.2024
31;Тимофеева;Григорий;Григорьевич;44;calligraphy.artist@inbox.co;+7(942)-345-67-89;Нижневартовск;30.10.2023
32;Чернова;Станислав;Станиславович;33;animator.works@yahoo.co.uk;+7(943)-456-78-90;Санкт-Петербург;17.02.2021
33;Яшина;Артем;Артемович;16;poetry.writer@europe.com;+7(944)-567-89-01;Москва;24.06.2022
34;Панфилова;Тимур;Тимурович;50;data.scientist@bigmail.com;+7(945)-678-90-12;Нижневартовск;28.08.2019
35;Громов;Леонид;Леонидович;43;urban.explorer@crabmail.com;+7(946)-789-01-23;Санкт-Петербург;01.12.2020
36;Поляков;Валентин;Валентинович;20;hiking.fan@outlook.fr;+7(947)-890-12-34;Москва;03.03.2024
37;Костина;Роман;Романовна;45;abstract.artist123@aol.co.uk;+7(948)-901-23-45;Нижневартовск;15.11.2021
38;Артамонов;Ярослав;Ярославович;29;vintage.collector@web.de;+7(949)-012-34-56;Москва;10.08.2020
39;Миронова;Юрий;Юрьевич;37;yoga.instructor@mailservice.com;+7(950)-123-45-67;Санкт-Петербург;25.01.2023
40;Лаврентьева;Станислав;Станиславович;19;diy.enthusiast@quickmail.com;+7(951)-234-56-78;Нижневартовск;06.04.2024
41;Лебенков;Кирилл;Кирилловна;38;guitarist.jam@findmail.com;+7(952)-345-67-89;Москва;29.07.2022
42;Овсянникова;Филипп;Филиппович;46;pet.care.tips@gmail.com;+7(953)-456-78-90;Санкт-Петербург;08.05.2019
43;Никитин;Даниил;Даниилович;25;luxury.traveler@yourmail.com;+7(954)-567-89-01;Санкт-Петербург;12.12.2022
44;Шильникова;Савелий;Савельевич;31;cricket.fan@athlmail.com;+7(955)-678-90-12;Нижневартовск;18.07.2021
45;Скороходов;Захар;Захарович;23;web.developer@posteo.net;+7(956)-789-01-23;Москва;04.10.2023
46;Карасев;Антон;Антонович;40;film.maker@fastmail.us;+7(957)-890-12-34;Нижневартовск;23.02.2023
47;Туркин;Алексей;Алексеевич;34;ghost.writer@openmailbox.org;+7(958)-901-23-45;Москва;19.01.2024
48;Семенова;Викентий;Викентьевич;18;street.photographer@gmail.com;+7(959)-012-34-56;Санкт-Петербург;05.04.2020
49;Егоров;Родион;Родионович;27;cooking.expert@mail.com;+7(960)-123-45-67;Санкт-Петербург;15.06.2019
50;Баранова;Тимофей;Тимофеевна;42;smoothie.lovers@unbk.com;+7(961)-234-56-78;Нижневартовск;11.10.2021
51;Крючков;Валерия;Валериевна;39;kitchen.guru@tempmail.co;+7(962)-345-67-89;Москва;17.12.2022
52;Белецкая;Кристина;Кристиновна;47;life.coach@participate.com;+7(963)-456-78-90;Москва;23.11.2023
53;Мальцева;Юлия;Юлиевна;21;career.mentor@usa.com;+7(964)-567-89-01;Нижневартовск;14.08.2020
54;Шарикова;Тамара;Тамаровна;30;wildlife.photographer@myspace.com;+7(965)-678-90-12;Санкт-Петербург;29.03.2019
55;Филиппов;Вероника;Верониковна;24;educator.innovator@xyz.com;+7(966)-789-01-23;Москва;01.02.2024
56;Семенова;Вера;Веринна;41;makeup.artist@fiffyl.com;+7(967)-890-12-34;Нижневартовск;10.05.2023
57;Бурцев;Раиса;Раисовна;50;fashion.trends2023@mail.com;+7(968)-901-23-45;Санкт-Петербург;27.12.2021
58;Колесникова;Нина;Ниновна;22;classic.cars@lastmail.com;+7(969)-012-34-56;Санкт-Петербург;24.09.2020
59;Зимин;София;Софьевна;36;hobbyist.tinkerer@sendmail.com;+7(970)-123-45-67;Москва;06.03.2024
60;Трепкова;Эльвира;Эльвирова;33;big.dreamer@ovh.net;+7(971)-234-56-78;Нижневартовск;29.08.2021
61;Савельев;Галина;Галинична;32;global.citizen@cornermail.com;+7(972)-345-67-89;Нижневартовск;20.05.2019
62;Прокофьева;Аида;Аидинна;26;health.freak@example.com;+7(973)-456-78-90;Москва;08.11.2022
63;Липина;Оксана;Оксановна;48;ethical.fashion@friendlymail.com;+7(974)-567-89-01;Москва;03.01.2023
64;Волкова;Людмила;Людмиловна;19;social.media.manager@example.net;+7(975)-678-90-12;Санкт-Петербург;15.09.2020
65;Беляева;Алла;Аллиевна;44;mindful.eater@postal.com;+7(976)-789-01-23;Нижневартовск;01.04.2022
66;Прохоров;Зинаида;Зинаидовна;28;green.thumbs@live.fr;+7(977)-890-12-34;Санкт-Петербург;22.06.2019
67;Сафонов;Арсен;Арсенович;35;writing.enthusiast@zohomail.com;+7(978)-901-23-45;Москва;18.10.2021
68;Невзоров;Станислав;Станиславовна;20;pop.culture.fan@mail.com;+7(979)-012-34-56;Нижневартовск;12.01.2024
69;Тихомирова;Альбина;Альбиновна;45;mobile.developer@outlook.co.uk;+7(980)-123-45-67;Москва;03.12.2023
70;Григорьева;Кемал;Кемалович;16;adventure.writer@tripmail.com;+7(981)-234-56-78;Санкт-Петербург;27.08.2020
71;Каблукова;Данила;Данилович;38;events.organizer@myknights.com;+7(982)-345-67-89;Санкт-Петербург;14.02.2022
72;Червоненко;Пелагея;Пелагеевна;43;consulting.expert@gmail.com;+7(983)-456-78-90;Москва;05.11.2019
73;Боброва;Руфина;Руфиновна;29;fine.dining.lover@dmail.com;+7(984)-567-89-01;Нижневартовск;30.06.2021
74;Рычков;Астрид;Астридовна;49;eclectic.reader@webmail.co;+7(985)-678-90-12;Москва;26.04.2023
75;Кудряшов;Станислав;Станиславовна;18;jazz.music.lover@tinymail.com;+7(986)-789-01-23;Санкт-Петербург;07.03.2019
76;Кожевникова;Даша;Дашина;25;spiritual.guru@caremail.com;+7(987)-890-12-34;Нижневартовск;18.05.2024
77;Серов;Ксюша;Ксюшинна;26;foodie.reviews@zmail.com;+7(988)-901-23-45;Москва;21.08.2022
78;Борисова;Никита;Никитич;51;tech.savvy@gn.com;+7(989)-012-34-56;Санкт-Петербург;04.10.2020
79;Фролов;Виталий;Виталиевна;40;photography.freak@notmail.com;+7(990)-123-45-67;Москва;25.11.2021
80;Гущина;Георгий;Георгиевна;39;mindset.coach@xmail.com;+7(991)-234-56-78;Нижневартовск;17.09.2023
81;Дьяков;Аскольд;Аскольдовна;23;productive.planner@mail.com;+7(992)-345-67-89;Санкт-Петербург;23.01.2022
82;Костылев;Фаина;Фаиновна;34;crypto.investor@hotmail.com;+7(993)-456-78-90;Москва;12.07.2024
83;Ларионов;Лариса;Ларисовна;17;industry.insider@list.com;+7(994)-567-89-01;Нижневартовск;05.08.2021
84;Смирнов;Олеся;Олесевна;30;soccer.lover@fastemail.net;+7(995)-678-90-12;Санкт-Петербург;29.10.2023
85;Филипов;Соня;Соневна;22;virtual.assistant@mail.ru;+7(996)-789-01-23;Москва;08.04.2019
86;Еремеев;Маргарита;Маргаритовна;48;good.vibes.2023@quickemail.com;+7(997)-890-12-34;Москва;22.12.2020
87;Рябкова;Изида;Изидовна;19;indie.music.fan@gmail.com;+7(998)-901-23-45;Нижневартовск;07.06.2022
88;Устинов;Анечка;Анечкина;47;local.explorer@groupmail.com;+7(999)-012-34-56;Санкт-Петербург;02.11.2024
89;Зиновьева;Ксения;Ксениевна;32;wellness.journal@emaill.com;+7(912)-345-67-89;Москва;10.02.2023
90;Платонов;Лилия;Лилиевна;21;art.fundamentals@3333.com;+7(913)-456-78-90;Нижневартовск;19.05.2020
91;Грошев;Ваяра;Ваяровна;37;climate.change.advocate@myexample.com;+7(914)-567-89-01;Санкт-Петербург;30.07.2024
92;Лисицын;Соломон;Соломонович;35;funny.memes@news.com;+7(915)-678-90-12;Москва;27.09.2019
93;Филипов;Савелий;Савельевна;28;community.volunteer@mailservice.com;+7(916)-789-01-23;Нижневартовск;19.12.2019
94;Трошина;Татьяна;Татьяновна;42;inner.peace@yesmail.com;+7(917)-890-12-34;Москва;11.09.2020
95;Афанасова;Азамат;Азаматовна;20;solo.traveler@uo.net;+7(918)-901-23-45;Санкт-Петербург;11.11.2020
96;Калашников;Арсений;Арсеньевич;36;passionate.historian@uk.com;+7(919)-012-34-56;Санкт-Петербург;12.09.2022
97;Коробко;Купидон;Купидоновна;24;beginner.gardener@twomail.com;+7(920)-123-45-67;Нижневартовск;01.01.2023
98;Киян;Геннадий;Геннадьевна;46;collective.soul@gmail.com;+7(921)-234-56-78;Нижний Новгород;02.08.2022
99;Барабашкин;Степан;Степановна;16;spree.shop@domain.com;+7(922)-345-67-89;Нижний Новгород;03.10.2023
100;Водкин;Игнатий;Игнатиевна;44;karabok10@mail.ru;+7(923)-456-78-90;Нижнекамск;28.12.2020
